123910982,Kohei,Internet - Video,Software - Artificial Intelligence,Consumer - Retail E-commerce

123910982,Kohei,Internet - Video,Consumer - Internet On Demand,Consumer - Multi-Platform Media
56622026,Erin,Healthcare - Biotech/ Pharma,Consumer - Beauty/Personal Care,Strategic Account,Consumer - Health/Wellness,Software - Healthcare
918115324,Drew,Internet - Video
852757671,Nadya,Art/Design,Healthcare - Consumer Health,Consumer - Retail E-commerce,Consumer - House & Home Products,Consumer - Multi-Platform Media,Marketing,Consumer - Food Tech,Internet - Travel,Internet - Video,Investor - Venture,Internet - E-Commerce,Non-Profit
1042153985,Victor,Customer Service,Management Consulting
42493569,Steve,Healthcare - HCIT
111916353,Roe,Healthcare - Biotech/ Pharma
932586294,Alan,Software - Business Application,Software - MegaTech,CEO/BOD - General Manager,Internet - Advertising Tech,Internet - Mobile,Software - SaaS/Cloud
1039932213,Rong,Internet - Travel,Software - SaaS/Cloud,Software - Payments,Internet - Advertising Tech,Internet - MegaTech,Internet - Mobile,CEO/BOD - General Manager,Internet - E-Commerce
